"DESCRIPTION","DURATION IN MS","NAME","PARENT SUITE","START TIME","STATUS","STOP TIME","SUB SUITE","SUITE","TEST CLASS","TEST METHOD"
"","197","Then I should see a flash message saying Your username is invalid!","","Thu May 22 21:46:05 UTC 2025","passed","Thu May 22 21:46:05 UTC 2025","","The Internet Guinea Pig Website: As a user, I can log into the secure area","",""
"","195","When I login with foobar and barfoo","","Mon May 26 15:36:39 UTC 2025","passed","Mon May 26 15:36:40 UTC 2025","","The Internet Guinea Pig Website: As a user, I can log into the secure area","",""
"","346","When I login with tomsmith and SuperSecretPassword!","","Mon May 26 15:36:39 UTC 2025","passed","Mon May 26 15:36:39 UTC 2025","","The Internet Guinea Pig Website: As a user, I can log into the secure area","",""
"","109","When I login with foobar and barfoo","","Thu May 22 21:46:05 UTC 2025","passed","Thu May 22 21:46:05 UTC 2025","","The Internet Guinea Pig Website: As a user, I can log into the secure area","",""
"","45","Then I should see a flash message saying You logged into a secure area!","","Mon May 26 15:36:39 UTC 2025","passed","Mon May 26 15:36:39 UTC 2025","","The Internet Guinea Pig Website: As a user, I can log into the secure area","",""
"","227","Then I should see a flash message saying You logged into a secure area!","","Thu May 22 21:46:05 UTC 2025","passed","Thu May 22 21:46:05 UTC 2025","","The Internet Guinea Pig Website: As a user, I can log into the secure area","",""
"","200","When I login with tomsmith and SuperSecretPassword!","","Thu May 22 21:46:04 UTC 2025","passed","Thu May 22 21:46:05 UTC 2025","","The Internet Guinea Pig Website: As a user, I can log into the secure area","",""
"","172","Then I should see a flash message saying Your username is invalid!","","Mon May 26 15:36:40 UTC 2025","passed","Mon May 26 15:36:40 UTC 2025","","The Internet Guinea Pig Website: As a user, I can log into the secure area","",""
"","62","Given I am on the login page","","Mon May 26 15:36:39 UTC 2025","passed","Mon May 26 15:36:39 UTC 2025","","The Internet Guinea Pig Website: As a user, I can log into the secure area","",""
"","0","hook:","","Mon May 26 15:36:40 UTC 2025","failed","Mon May 26 15:36:40 UTC 2025","","","",""
"","94","Given I am on the login page","","Thu May 22 21:46:05 UTC 2025","passed","Thu May 22 21:46:05 UTC 2025","","The Internet Guinea Pig Website: As a user, I can log into the secure area","",""
